[ {
  "description" : "Chatani Vada",
  "imagePath" : "https://i.ndtvimg.com/i/2015-12/indian-breakfast_625x350_51450869459.jpg",
  "ingredients" : [ {
    "amount" : 5,
    "name" : "Mint"
  }, {
    "amount" : 1,
    "name" : "Oil"
  }, {
    "amount" : 2,
    "name" : "Dal Powder"
  } ],
  "name" : "Chatani Vada"
}, {
  "description" : "Roti Chicken",
  "imagePath" : "https://www.bbcgoodfood.com/sites/default/files/recipe-collections/collection-image/2013/05/indian.jpg",
  "ingredients" : [ {
    "amount" : 1,
    "name" : "Chicken"
  }, {
    "amount" : 5,
    "name" : "Masala"
  }, {
    "amount" : 4,
    "name" : "Roti"
  } ],
  "name" : "Roti Chicken "
}, {
  "description" : "A good Sandwich",
  "imagePath" : "https://www.sheknows.com/wp-content/uploads/2018/08/eggnog-pancakes_a1t92r.jpeg",
  "ingredients" : [ {
    "amount" : 3,
    "name" : "Bread"
  }, {
    "amount" : 1,
    "name" : "Honey"
  } ],
  "name" : "Sandwich"
}, {
  "description" : "Bread Omelet",
  "imagePath" : "https://www.pumpkinnspice.com/wp-content/uploads/2016/03/easy-breakfast-quesadillas-11-610x915.jpg",
  "ingredients" : [ {
    "amount" : 2,
    "name" : "Bread"
  }, {
    "amount" : 4,
    "name" : "Egg"
  }, {
    "amount" : 1,
    "name" : "Olive Oil"
  } ],
  "name" : "Bread Omelet"
}, {
  "description" : "Poori Curry",
  "imagePath" : "https://im.rediff.com/getahead/2016/oct/12food-goan-vatanyachi-bhaji.jpg",
  "ingredients" : [ {
    "amount" : 4,
    "name" : "Poori"
  }, {
    "amount" : 1,
    "name" : "Curry"
  } ],
  "name" : "Poori Curry"
}, {
  "description" : "Plan Bread Omelet",
  "imagePath" : "https://www.modernfoods.co.in/wp-content/uploads/2018/09/breadomellete555.png",
  "ingredients" : [ {
    "amount" : 1,
    "name" : "Bread"
  }, {
    "amount" : 4,
    "name" : "Egg"
  } ],
  "name" : "Plan Bread Omelet"
}, {
  "description" : "Poha",
  "imagePath" : "https://cdn1.foodviva.com/static-content/food-images/breakfast-recipes/poha-recipe/poha-recipe.jpg",
  "ingredients" : [ {
    "amount" : 1,
    "name" : "Rice"
  } ],
  "name" : "Poha"
}, {
  "description" : "Burger",
  "imagePath" : "https://img1.mashed.com/img/gallery/fast-food-breakfast-menus-ranked-from-worst-to-best/intro-1535489385.jpg",
  "ingredients" : [ {
    "amount" : 1,
    "name" : "Ban"
  }, {
    "amount" : 2,
    "name" : "Chicken"
  } ],
  "name" : "Burger "
} ]
